Alerted On,Address,TRM Link,Risk Categories,Risk Scores
"Mon Aug 15 2022","0xb9cd58417e6719a89c1eb4d229f86ea96456104f","https://my.trmlabs.com/address/0xb9cd58417e6719a89c1eb4d229f86ea96456104f/eth","Mixer","Low"
"Mon Aug 15 2022","0x0f849bed1d0cd7c0b82a7abe75058d95a5ca3c8d","https://my.trmlabs.com/address/0x0f849bed1d0cd7c0b82a7abe75058d95a5ca3c8d/eth","Mixer","Low"
"Mon Aug 15 2022","0x9b5fcc2a532280e1f435c0bbd5d8f1b9cf6bbea8","https://my.trmlabs.com/address/0x9b5fcc2a532280e1f435c0bbd5d8f1b9cf6bbea8/eth","Mixer, Mixer","Low, Low"
"Mon Aug 15 2022","0x30cc4b46b714ea05be154e7d5e8c4fc3bdb9e66a","https://my.trmlabs.com/address/0x30cc4b46b714ea05be154e7d5e8c4fc3bdb9e66a/eth","Mixer","Low"
"Mon Aug 15 2022","0x82dc92b01c7ff54911842956083795f60f6f64f4","https://my.trmlabs.com/address/0x82dc92b01c7ff54911842956083795f60f6f64f4/eth","Mixer, Mixer","Low, Low"
"Mon Aug 15 2022","0x316b98c6df382bd218186d0766966459a199dd04","https://my.trmlabs.com/address/0x316b98c6df382bd218186d0766966459a199dd04/eth","Mixer","Low"
"Mon Aug 15 2022","0xa182e71f2076d052e15546b32913d631c5f6aed5","https://my.trmlabs.com/address/0xa182e71f2076d052e15546b32913d631c5f6aed5/eth","Mixer","Low"
"Mon Aug 15 2022","0xc92c4df3dd076d3ef60f2c6c533ee16616f4d8a5","https://my.trmlabs.com/address/0xc92c4df3dd076d3ef60f2c6c533ee16616f4d8a5/eth","Mixer","Low"
"Mon Aug 15 2022","0x284ca01fff5a0e353b8fca0a882693d41c872894","https://my.trmlabs.com/address/0x284ca01fff5a0e353b8fca0a882693d41c872894/eth","Mixer","Low"
"Thu Aug 18 2022","0x3f60008dfd0efc03f476d9b489d6c5b13b3ebf2c","https://my.trmlabs.com/address/0x3f60008dfd0efc03f476d9b489d6c5b13b3ebf2c/eth","Mixer","Low"
"Wed Aug 24 2022","0xf4fcf85857afaceb3c324afbccad1130cce09611","https://my.trmlabs.com/address/0xf4fcf85857afaceb3c324afbccad1130cce09611/eth","Mixer","Low"
"Tue Aug 16 2022","0x7c828a152aa96baa5069dbd58441ca8948fc0c64","https://my.trmlabs.com/address/0x7c828a152aa96baa5069dbd58441ca8948fc0c64/eth","Mixer","Low"
"Wed Aug 24 2022","0xccc93c66c6e80bf3d68bc63f546cbb42ab4895d6","https://my.trmlabs.com/address/0xccc93c66c6e80bf3d68bc63f546cbb42ab4895d6/eth","Mixer","Low"
"Tue Aug 16 2022","0x400fc9c7f01df3aa919659de434e0c584e68cb29","https://my.trmlabs.com/address/0x400fc9c7f01df3aa919659de434e0c584e68cb29/eth","Mixer","Low"
"Thu Aug 18 2022","0xaa60084b1170bce4b6aaa1c56c1aa5f3dca85923","https://my.trmlabs.com/address/0xaa60084b1170bce4b6aaa1c56c1aa5f3dca85923/eth","Mixer","Low"
"Tue Aug 16 2022","0x06175bb4c2f213ff8b1e123e5f77312a47ae3364","https://my.trmlabs.com/address/0x06175bb4c2f213ff8b1e123e5f77312a47ae3364/eth","Mixer","Low"
"Tue Aug 16 2022","0x59dc1eae22eebd6cfbd144ee4b6f4048f8a59880","https://my.trmlabs.com/address/0x59dc1eae22eebd6cfbd144ee4b6f4048f8a59880/eth","Mixer","Low"
"Tue Aug 16 2022","0xcd06c2b84cd3be49899cdfb58a99ee4a7fd96f18","https://my.trmlabs.com/address/0xcd06c2b84cd3be49899cdfb58a99ee4a7fd96f18/eth","Mixer","Low"
"Tue Aug 16 2022","0x9d07e3406d3e7ec5e19b6804f6f821f684c9339c","https://my.trmlabs.com/address/0x9d07e3406d3e7ec5e19b6804f6f821f684c9339c/eth","Mixer","Low"
"Tue Aug 16 2022","0x3906e62fb8c9e53710cbaf533ac787b7179c5209","https://my.trmlabs.com/address/0x3906e62fb8c9e53710cbaf533ac787b7179c5209/eth","Mixer","Low"
"Tue Aug 16 2022","0x3f21def91eaae16c7ca5b04e846cdeaa23ae971a","https://my.trmlabs.com/address/0x3f21def91eaae16c7ca5b04e846cdeaa23ae971a/eth","Mixer","Low"
"Tue Aug 16 2022","0xea1feb9a9a006a7fc253c6ca87349be0da072f25","https://my.trmlabs.com/address/0xea1feb9a9a006a7fc253c6ca87349be0da072f25/eth","Mixer, Mixer","Low, Low"
"Wed Aug 17 2022","0xdc4d0d92ae598ae497a7fa824bff7f9492df691b","https://my.trmlabs.com/address/0xdc4d0d92ae598ae497a7fa824bff7f9492df691b/eth","Mixer","Low"
"Tue Aug 16 2022","0x7a571560a1ed40e81056c6f176c8969334771303","https://my.trmlabs.com/address/0x7a571560a1ed40e81056c6f176c8969334771303/eth","Mixer","Low"
"Tue Aug 16 2022","0x2e26013c4a52c6a80f58c36a5e1301faa849a2dd","https://my.trmlabs.com/address/0x2e26013c4a52c6a80f58c36a5e1301faa849a2dd/eth","Mixer","Low"
"Tue Aug 16 2022","0x08fb8805166bb9f009ec4c4ec837bcc6a084424c","https://my.trmlabs.com/address/0x08fb8805166bb9f009ec4c4ec837bcc6a084424c/eth","Mixer","Low"
"Fri Aug 26 2022","0x93617280d57564241b4ad4f4e09e02968f3f2d76","https://my.trmlabs.com/address/0x93617280d57564241b4ad4f4e09e02968f3f2d76/eth","Mixer","Low"
"Tue Aug 16 2022","0x50d2dec635c48f5e8cede341df87c651c6cd5318","https://my.trmlabs.com/address/0x50d2dec635c48f5e8cede341df87c651c6cd5318/eth","Mixer","Low"
"Wed Aug 17 2022","0xb87a0c0733db8c96ac6f9bab64ed342700fed83b","https://my.trmlabs.com/address/0xb87a0c0733db8c96ac6f9bab64ed342700fed83b/eth","Mixer","Low"
"Tue Aug 16 2022","0xc8f73fbc5a8f832ae4c106191269b2a1be93e83a","https://my.trmlabs.com/address/0xc8f73fbc5a8f832ae4c106191269b2a1be93e83a/eth","Mixer","Low"
"Tue Aug 16 2022","0xf0e90739550992fcf37fe4dcb0b47708ca0ff609","https://my.trmlabs.com/address/0xf0e90739550992fcf37fe4dcb0b47708ca0ff609/eth","Mixer, Mixer","Low, Low"
"Tue Aug 16 2022","0x8bc0b6c84e5a890e60d78d48e8855b647f6763cb","https://my.trmlabs.com/address/0x8bc0b6c84e5a890e60d78d48e8855b647f6763cb/eth","Mixer","Low"
"Tue Aug 16 2022","0x768263481c4703c22144558112d931b683492b52","https://my.trmlabs.com/address/0x768263481c4703c22144558112d931b683492b52/eth","Mixer","Low"
"Tue Aug 16 2022","0x82aafa5136bdf51d6b63ec38aa8ce89e87edaaef","https://my.trmlabs.com/address/0x82aafa5136bdf51d6b63ec38aa8ce89e87edaaef/eth","Mixer","Low"
"Tue Aug 16 2022","0x9923af9211a698ce9b0c177169c99cdc0518edb0","https://my.trmlabs.com/address/0x9923af9211a698ce9b0c177169c99cdc0518edb0/eth","Mixer","Low"
"Tue Aug 16 2022","0x3ecc3519c66c7b59c965bf3c8f445915443b3532","https://my.trmlabs.com/address/0x3ecc3519c66c7b59c965bf3c8f445915443b3532/eth","Mixer","Low"
"Tue Aug 16 2022","0x60e0d3ebd37f0da4996df415aabf3d5da75464c8","https://my.trmlabs.com/address/0x60e0d3ebd37f0da4996df415aabf3d5da75464c8/eth","Mixer","Low"
"Tue Aug 16 2022","0x44ab7284f42c436a99e8fd5aca4fb2730d149ff1","https://my.trmlabs.com/address/0x44ab7284f42c436a99e8fd5aca4fb2730d149ff1/eth","Mixer","Low"
"Tue Aug 16 2022","0xe408f784458ea8becf9f12872ea78f10e06cfba8","https://my.trmlabs.com/address/0xe408f784458ea8becf9f12872ea78f10e06cfba8/eth","Mixer","Low"
"Tue Aug 16 2022","0x2600f29e0bffff5da29980d6dd75a35dce10b924","https://my.trmlabs.com/address/0x2600f29e0bffff5da29980d6dd75a35dce10b924/eth","Mixer","Low"
"Thu Aug 25 2022","0x50d18fbdee8498743afcdadc075696adbb8d62e1","https://my.trmlabs.com/address/0x50d18fbdee8498743afcdadc075696adbb8d62e1/eth","Mixer","Low"
"Wed Aug 17 2022","0x9f60699ce23f1ab86ec3e095b477ff79d4f409ad","https://my.trmlabs.com/address/0x9f60699ce23f1ab86ec3e095b477ff79d4f409ad/eth","Mixer","Low"
"Thu Aug 25 2022","0x20f9e5a17b00350f1eaf9ad18bc5be0d54c0bc3f","https://my.trmlabs.com/address/0x20f9e5a17b00350f1eaf9ad18bc5be0d54c0bc3f/eth","Mixer, Mixer","Low, Low"
"Tue Aug 16 2022","0x1dc5eefe2d20d1ab0db794a4236df147c0f60921","https://my.trmlabs.com/address/0x1dc5eefe2d20d1ab0db794a4236df147c0f60921/eth","Mixer","Low"
"Tue Aug 16 2022","0x66bc7e0930d026c4da9f11c7debb2e538d6cb15e","https://my.trmlabs.com/address/0x66bc7e0930d026c4da9f11c7debb2e538d6cb15e/eth","Mixer","Low"
"Tue Aug 16 2022","0x92b406851390541f445b7c697014133d4b5bfce3","https://my.trmlabs.com/address/0x92b406851390541f445b7c697014133d4b5bfce3/eth","Mixer","Low"
"Tue Aug 16 2022","0x2471a0dc634c8961719e4ad5bdb7e401f5d09bbc","https://my.trmlabs.com/address/0x2471a0dc634c8961719e4ad5bdb7e401f5d09bbc/eth","Mixer","Low"
"Tue Aug 16 2022","0x899cc16c88173de60f3c830d004507f8da3f975f","https://my.trmlabs.com/address/0x899cc16c88173de60f3c830d004507f8da3f975f/eth","Mixer","Low"
"Wed Aug 17 2022","0x4f5fe8da30c1c11fe537730940ced62ac37ea371","https://my.trmlabs.com/address/0x4f5fe8da30c1c11fe537730940ced62ac37ea371/eth","Mixer","Low"
"Wed Aug 17 2022","0xfb688483bc14b0a4c1525b95f591b7a9e1190ca7","https://my.trmlabs.com/address/0xfb688483bc14b0a4c1525b95f591b7a9e1190ca7/eth","Mixer","Low"
"Wed Aug 17 2022","0x1f93b58fb2cf33cfb68e73e94ad6dd7829b1586d","https://my.trmlabs.com/address/0x1f93b58fb2cf33cfb68e73e94ad6dd7829b1586d/eth","Mixer","Low"
"Wed Aug 17 2022","0xd68980a13fe514ed18b175c23432f5d172ee84f4","https://my.trmlabs.com/address/0xd68980a13fe514ed18b175c23432f5d172ee84f4/eth","Mixer","Low"
"Wed Aug 17 2022","0x15a49498e2399c8fd523fa25da850e024f99aa15","https://my.trmlabs.com/address/0x15a49498e2399c8fd523fa25da850e024f99aa15/eth","Mixer","Low"
"Wed Aug 17 2022","0x3a781cb383b65a1fff97ce061c3d35a1c09e6960","https://my.trmlabs.com/address/0x3a781cb383b65a1fff97ce061c3d35a1c09e6960/eth","Mixer","Low"
"Wed Aug 17 2022","0x992c36b5c6133b83f3c4bbb64559583315fb0fca","https://my.trmlabs.com/address/0x992c36b5c6133b83f3c4bbb64559583315fb0fca/eth","Mixer","Low"
"Wed Aug 17 2022","0xf772863b81aa5f9d68f062c11743d6591f96a472","https://my.trmlabs.com/address/0xf772863b81aa5f9d68f062c11743d6591f96a472/eth","Mixer","Low"
"Wed Aug 17 2022","0xcac0f67a377dc3832d13058078ffd72f0a71863b","https://my.trmlabs.com/address/0xcac0f67a377dc3832d13058078ffd72f0a71863b/eth","Mixer","Low"
"Wed Aug 17 2022","0xaf60df9e9599890ff6dea1710a03fa770c8a5b53","https://my.trmlabs.com/address/0xaf60df9e9599890ff6dea1710a03fa770c8a5b53/eth","Mixer","Low"
"Wed Aug 17 2022","0xad0c883b01e69d79c7aa23bc1b9fd96b16aa4022","https://my.trmlabs.com/address/0xad0c883b01e69d79c7aa23bc1b9fd96b16aa4022/eth","Mixer","Low"
"Wed Aug 17 2022","0xec1625f0be12b31d8edfdd165f7750ee4630a475","https://my.trmlabs.com/address/0xec1625f0be12b31d8edfdd165f7750ee4630a475/eth","Mixer","Low"
"Thu Aug 18 2022","0x296ba1bbd01b8d8ebdcfe5cc98ead5cabfa99425","https://my.trmlabs.com/address/0x296ba1bbd01b8d8ebdcfe5cc98ead5cabfa99425/eth","Mixer","Low"
"Sun Aug 21 2022","0x9a14e7045bf7dcfe6b0002d72ec1674b5ccc50e6","https://my.trmlabs.com/address/0x9a14e7045bf7dcfe6b0002d72ec1674b5ccc50e6/eth","Mixer","Low"
"Wed Aug 17 2022","0x19801bb87091897a074e60da02f3fcd6ec74b1ec","https://my.trmlabs.com/address/0x19801bb87091897a074e60da02f3fcd6ec74b1ec/eth","Mixer","Low"
"Wed Aug 17 2022","0x0c94ab38472d7e546158818c78b3e9e8f6bd6270","https://my.trmlabs.com/address/0x0c94ab38472d7e546158818c78b3e9e8f6bd6270/eth","Mixer","Low"
"Mon Aug 22 2022","0x489478ea4117093d21701a0135bda3859c556072","https://my.trmlabs.com/address/0x489478ea4117093d21701a0135bda3859c556072/eth","Mixer","Low"
"Wed Aug 17 2022","0xb134c95cfc957e30e8d6e9f823277b3253c6205a","https://my.trmlabs.com/address/0xb134c95cfc957e30e8d6e9f823277b3253c6205a/eth","Mixer, Mixer","Low, Low"
"Wed Aug 17 2022","0xd1961c3cfb3d40541141c3c5c83ef70757233eb4","https://my.trmlabs.com/address/0xd1961c3cfb3d40541141c3c5c83ef70757233eb4/eth","Mixer","Low"
"Wed Aug 17 2022","0xbd084529090b25947a629c4d82d14e80094a4fd3","https://my.trmlabs.com/address/0xbd084529090b25947a629c4d82d14e80094a4fd3/eth","Mixer","Low"
"Thu Aug 18 2022","0xef4e8204ebc6fcfe661d71883a83295f9d7e46be","https://my.trmlabs.com/address/0xef4e8204ebc6fcfe661d71883a83295f9d7e46be/eth","Mixer","Low"
"Thu Aug 18 2022","0xf1535e865687aa3940fe7c4fe86df9978eb618a4","https://my.trmlabs.com/address/0xf1535e865687aa3940fe7c4fe86df9978eb618a4/eth","Mixer","Low"
"Thu Aug 18 2022","0xc00fc2775cce5b61ffd6ec1eec0de0119f25dc87","https://my.trmlabs.com/address/0xc00fc2775cce5b61ffd6ec1eec0de0119f25dc87/eth","Mixer","Low"
"Tue Aug 23 2022","0x9ce6e6b60c894d1df9bc3d9d6cc969b79fb176b7","https://my.trmlabs.com/address/0x9ce6e6b60c894d1df9bc3d9d6cc969b79fb176b7/eth","Mixer","Low"
"Thu Aug 18 2022","0x3c6dfb5d608c4849d289d81d8bfccbd48d86d0a8","https://my.trmlabs.com/address/0x3c6dfb5d608c4849d289d81d8bfccbd48d86d0a8/eth","Mixer","Low"
"Thu Aug 18 2022","0xd802ffa78bb8e16ac214a1ac01a96108c10ddddd","https://my.trmlabs.com/address/0xd802ffa78bb8e16ac214a1ac01a96108c10ddddd/eth","Mixer","Low"
"Thu Aug 18 2022","0xa8ce8d12aa7884707b2113606d67f6df26b63196","https://my.trmlabs.com/address/0xa8ce8d12aa7884707b2113606d67f6df26b63196/eth","Mixer","Low"
"Thu Aug 18 2022","0x4ec7aedec741e316efe7c0443733da978a319dc5","https://my.trmlabs.com/address/0x4ec7aedec741e316efe7c0443733da978a319dc5/eth","Mixer","Low"
"Thu Aug 18 2022","0x8f9be4310f9abb0e5843cc6363908c9b01dfeb3f","https://my.trmlabs.com/address/0x8f9be4310f9abb0e5843cc6363908c9b01dfeb3f/eth","Mixer","Low"
"Thu Aug 18 2022","0x50e5892e0dee154a73862d8f9887f8f0d7f87d2b","https://my.trmlabs.com/address/0x50e5892e0dee154a73862d8f9887f8f0d7f87d2b/eth","Mixer","Low"
"Fri Aug 26 2022","0x3d246dbcffb991b686cd06f85d09846f4bdcea99","https://my.trmlabs.com/address/0x3d246dbcffb991b686cd06f85d09846f4bdcea99/eth","Mixer","Low"
"Thu Aug 18 2022","0x87cdd523b37b45ec2e17e22d636c8814f355fdb4","https://my.trmlabs.com/address/0x87cdd523b37b45ec2e17e22d636c8814f355fdb4/eth","Mixer","Low"
"Thu Aug 18 2022","0x8073c62366973b9960f4561f6a72c5826b75e828","https://my.trmlabs.com/address/0x8073c62366973b9960f4561f6a72c5826b75e828/eth","Mixer","Low"
"Fri Aug 19 2022","0x3aa8ac0e6c1fb9cbb733565de16cdc5a676bcb04","https://my.trmlabs.com/address/0x3aa8ac0e6c1fb9cbb733565de16cdc5a676bcb04/eth","Mixer","Low"
"Thu Aug 18 2022","0x26f81725826b886279d9a7dfd45785197b0c484c","https://my.trmlabs.com/address/0x26f81725826b886279d9a7dfd45785197b0c484c/eth","Mixer","Low"
"Sat Aug 20 2022","0xa0efd27acc781549d5b78e89e561aa0903932d56","https://my.trmlabs.com/address/0xa0efd27acc781549d5b78e89e561aa0903932d56/eth","Mixer","Low"
"Sun Aug 21 2022","0x4ac4ff89b9d4b3daf54942e3df63751a4a54c735","https://my.trmlabs.com/address/0x4ac4ff89b9d4b3daf54942e3df63751a4a54c735/eth","Mixer","Low"
"Thu Aug 18 2022","0xcf8fcb37b7e4af7e2f79a6ff813b4d899ae70bdc","https://my.trmlabs.com/address/0xcf8fcb37b7e4af7e2f79a6ff813b4d899ae70bdc/eth","Mixer, Mixer","Low, Low"
"Thu Aug 18 2022","0xab12253171a0d73df64b115cd43fe0a32feb9daa","https://my.trmlabs.com/address/0xab12253171a0d73df64b115cd43fe0a32feb9daa/eth","Mixer, Mixer","Low, Low"
"Thu Aug 18 2022","0x5d025814b6a21cd6fcb4112f40f88bc823e6a9ab","https://my.trmlabs.com/address/0x5d025814b6a21cd6fcb4112f40f88bc823e6a9ab/eth","Mixer","Low"
"Tue Aug 23 2022","0x2c492138498165c3f6ff94ab7d0b7ab6dd546ada","https://my.trmlabs.com/address/0x2c492138498165c3f6ff94ab7d0b7ab6dd546ada/eth","Mixer","Low"
"Fri Aug 19 2022","0xe5d900cb9631b1195aa53f2a378f4facbc8ec663","https://my.trmlabs.com/address/0xe5d900cb9631b1195aa53f2a378f4facbc8ec663/eth","Mixer","Low"
"Mon Aug 22 2022","0x7b6acec5ea36dd5ef5b0639b8c1d0dab59ddcf03","https://my.trmlabs.com/address/0x7b6acec5ea36dd5ef5b0639b8c1d0dab59ddcf03/eth","Mixer","Low"
"Fri Aug 19 2022","0x8e81df3f82a10831e709899f61a84b3f7896d6e6","https://my.trmlabs.com/address/0x8e81df3f82a10831e709899f61a84b3f7896d6e6/eth","Mixer","Low"
"Fri Aug 19 2022","0x9469fe56447b3c33f8ed7fd957ecc848ece647f2","https://my.trmlabs.com/address/0x9469fe56447b3c33f8ed7fd957ecc848ece647f2/eth","Mixer","Low"
"Fri Aug 19 2022","0xf70ef4fc0fecea687083f66ea835932bfde82282","https://my.trmlabs.com/address/0xf70ef4fc0fecea687083f66ea835932bfde82282/eth","Mixer","Low"
"Fri Aug 19 2022","0x550a98629c01e78d01d5f2579f68addae940698b","https://my.trmlabs.com/address/0x550a98629c01e78d01d5f2579f68addae940698b/eth","Mixer","Low"
"Fri Aug 19 2022","0x28bd78450d2684f517f9da917c4ff3460fd42af3","https://my.trmlabs.com/address/0x28bd78450d2684f517f9da917c4ff3460fd42af3/eth","Mixer, Mixer","Low, Low"
"Fri Aug 19 2022","0x55cde3cf368d2913b2f4c545e1204afc6b9f6b9e","https://my.trmlabs.com/address/0x55cde3cf368d2913b2f4c545e1204afc6b9f6b9e/eth","Mixer","Low"
"Fri Aug 19 2022","0x23beb8549eb1037968f2727f08c768558455b807","https://my.trmlabs.com/address/0x23beb8549eb1037968f2727f08c768558455b807/eth","Mixer","Low"
"Fri Aug 19 2022","0x171da4c7e80e0bc4ae36dc903cc4a6df30773d2d","https://my.trmlabs.com/address/0x171da4c7e80e0bc4ae36dc903cc4a6df30773d2d/eth","Mixer","Low"
"Sat Aug 20 2022","0xda72328bbd8a6ef80238a8dfd61b0bf61ab03148","https://my.trmlabs.com/address/0xda72328bbd8a6ef80238a8dfd61b0bf61ab03148/eth","Mixer","Low"
"Mon Aug 22 2022","0x755b8baa3b2ac8df6de2542fad2e834a5cb2cd1c","https://my.trmlabs.com/address/0x755b8baa3b2ac8df6de2542fad2e834a5cb2cd1c/eth","Mixer","Low"
"Sat Aug 20 2022","0xc5b41fb105883bcd59ceef072b5b6bdbc5df31da","https://my.trmlabs.com/address/0xc5b41fb105883bcd59ceef072b5b6bdbc5df31da/eth","Mixer","Low"
"Sat Aug 20 2022","0x515491350701b46a54c666d18822fd7e3c44ebd8","https://my.trmlabs.com/address/0x515491350701b46a54c666d18822fd7e3c44ebd8/eth","Mixer","Low"
"Sat Aug 20 2022","0xfcfa4369eaa965ac4e36f1dd9fd2852c6542b0f7","https://my.trmlabs.com/address/0xfcfa4369eaa965ac4e36f1dd9fd2852c6542b0f7/eth","Mixer, Mixer","Low, Low"
"Sat Aug 20 2022","0x4f27ee7ad5ef8d881f62511a36a245e99eaed800","https://my.trmlabs.com/address/0x4f27ee7ad5ef8d881f62511a36a245e99eaed800/eth","Mixer","Low"
"Sat Aug 20 2022","0xd3a024d9602eb671e1bf61a1af33df7908836736","https://my.trmlabs.com/address/0xd3a024d9602eb671e1bf61a1af33df7908836736/eth","Mixer","Low"
"Sat Aug 20 2022","0x3fdb56b671510555d2ef35201e8f416fc6e07a6c","https://my.trmlabs.com/address/0x3fdb56b671510555d2ef35201e8f416fc6e07a6c/eth","Mixer","Low"
"Sat Aug 20 2022","0xa8b1dd7a74ce57aaa3c73361986181f29ed655ca","https://my.trmlabs.com/address/0xa8b1dd7a74ce57aaa3c73361986181f29ed655ca/eth","Mixer","Low"
"Sat Aug 20 2022","0x2c274d6f12b6835224c96d066306c0a5ec608be5","https://my.trmlabs.com/address/0x2c274d6f12b6835224c96d066306c0a5ec608be5/eth","Mixer","Low"
"Sat Aug 20 2022","0xb6ab54b1a64735baeb3329a2f4885e2732797dee","https://my.trmlabs.com/address/0xb6ab54b1a64735baeb3329a2f4885e2732797dee/eth","Mixer","Low"
"Sat Aug 20 2022","0x682c4184286415344a35a0ff6699bb8edabddc17","https://my.trmlabs.com/address/0x682c4184286415344a35a0ff6699bb8edabddc17/eth","Mixer","Low"
"Sat Aug 20 2022","0xef1d1369482db05230d22f58383b5a0c53497ed0","https://my.trmlabs.com/address/0xef1d1369482db05230d22f58383b5a0c53497ed0/eth","Mixer","Low"
"Sat Aug 20 2022","0x208b3cd5166df7ac646ca6e9393f336d3e4c4c51","https://my.trmlabs.com/address/0x208b3cd5166df7ac646ca6e9393f336d3e4c4c51/eth","Mixer","Low"
"Sat Aug 20 2022","0x6fb47c08c716dcb8cdf964f0c95bfc2c82206fcb","https://my.trmlabs.com/address/0x6fb47c08c716dcb8cdf964f0c95bfc2c82206fcb/eth","Mixer","Low"
"Sat Aug 20 2022","0xb7d9945166e3da89ee4c0947230753d656d116a5","https://my.trmlabs.com/address/0xb7d9945166e3da89ee4c0947230753d656d116a5/eth","Mixer","Low"
"Sat Aug 20 2022","0xb45a7510eaad1ef02cfad55c67c0ea084cdd40d2","https://my.trmlabs.com/address/0xb45a7510eaad1ef02cfad55c67c0ea084cdd40d2/eth","Mixer","Low"
"Sat Aug 20 2022","0x75a28bff85c845a59297cab7b3cc5686554914a5","https://my.trmlabs.com/address/0x75a28bff85c845a59297cab7b3cc5686554914a5/eth","Mixer","Low"
"Sat Aug 20 2022","0xeed7e1c7c9c68611584e8f6230178ce0a48eef7f","https://my.trmlabs.com/address/0xeed7e1c7c9c68611584e8f6230178ce0a48eef7f/eth","Sanctions, Mixer, Mixer","Severe, Low, Low"
"Sat Aug 20 2022","0xd2abd7a3333395a1ed7e54c67edf43ef934033a1","https://my.trmlabs.com/address/0xd2abd7a3333395a1ed7e54c67edf43ef934033a1/eth","Mixer","Low"
"Sun Aug 21 2022","0x097ce179b4d72d68811592845b4d20620cc22d12","https://my.trmlabs.com/address/0x097ce179b4d72d68811592845b4d20620cc22d12/eth","Mixer","Low"
"Sun Aug 21 2022","0xd1c9ab6166dead15b03b57b3224c5647272f0f82","https://my.trmlabs.com/address/0xd1c9ab6166dead15b03b57b3224c5647272f0f82/eth","Mixer","Low"
"Sun Aug 21 2022","0xfc41b2e5d1827bbb2e05aec0418ec2a13d2ab8b1","https://my.trmlabs.com/address/0xfc41b2e5d1827bbb2e05aec0418ec2a13d2ab8b1/eth","Mixer","Low"
"Sun Aug 21 2022","0xff3fc772434505abff38eecde3c689d4b0254528","https://my.trmlabs.com/address/0xff3fc772434505abff38eecde3c689d4b0254528/eth","Mixer","Low"
"Mon Aug 22 2022","0x95b30124aeef1293302e6dc6cfd28895070b3934","https://my.trmlabs.com/address/0x95b30124aeef1293302e6dc6cfd28895070b3934/eth","Mixer","Low"
"Thu Aug 25 2022","0xee95e4cf086fc80df7ae0f39dfc9ea53a3eaadcb","https://my.trmlabs.com/address/0xee95e4cf086fc80df7ae0f39dfc9ea53a3eaadcb/eth","Mixer","Low"
"Sun Aug 21 2022","0xbcb8b1f2765be1ebaf26204e204a7149814b5646","https://my.trmlabs.com/address/0xbcb8b1f2765be1ebaf26204e204a7149814b5646/eth","Mixer","Low"
"Sun Aug 21 2022","0x0e83c83088f347f3362c6c9871b9540cf88af278","https://my.trmlabs.com/address/0x0e83c83088f347f3362c6c9871b9540cf88af278/eth","Mixer","Low"
"Sun Aug 21 2022","0xff504b0f481eecd15a5edd1bffbf4e491913f728","https://my.trmlabs.com/address/0xff504b0f481eecd15a5edd1bffbf4e491913f728/eth","Mixer","Low"
"Sun Aug 21 2022","0xaeff965c8a1e8c1c0e5e772f404d89ec029a1c70","https://my.trmlabs.com/address/0xaeff965c8a1e8c1c0e5e772f404d89ec029a1c70/eth","Mixer","Low"
"Sun Aug 21 2022","0xc77fa6c05b4e472feee7c0f9b20e70c5bf33a99b","https://my.trmlabs.com/address/0xc77fa6c05b4e472feee7c0f9b20e70c5bf33a99b/eth","Mixer, Mixer","Low, Low"
"Sun Aug 21 2022","0x73f61e66345b8f78951508e8f1cd0ab51e1d9b6b","https://my.trmlabs.com/address/0x73f61e66345b8f78951508e8f1cd0ab51e1d9b6b/eth","Mixer","Low"
"Mon Aug 22 2022","0x49da15866c5002af94ed2d73fb51343dea21beb0","https://my.trmlabs.com/address/0x49da15866c5002af94ed2d73fb51343dea21beb0/eth","Mixer","Low"
"Mon Aug 22 2022","0x5333c3c0f557c4e84915bd9db1a51a5da134585b","https://my.trmlabs.com/address/0x5333c3c0f557c4e84915bd9db1a51a5da134585b/eth","Mixer","Low"
"Mon Aug 22 2022","0xea6ae8c291897a9a88f847d76e055ca2c7b49f9f","https://my.trmlabs.com/address/0xea6ae8c291897a9a88f847d76e055ca2c7b49f9f/eth","Mixer","Low"
"Mon Aug 22 2022","0xee10f133b91e3e700e6f254b446ccac6fd287eda","https://my.trmlabs.com/address/0xee10f133b91e3e700e6f254b446ccac6fd287eda/eth","Mixer","Low"
"Mon Aug 22 2022","0x1c45cdcd73abc21df7816f97deb0360955f54e33","https://my.trmlabs.com/address/0x1c45cdcd73abc21df7816f97deb0360955f54e33/eth","Mixer","Low"
"Mon Aug 22 2022","0xad10cd6951e9d0811eba8174c17e53867c056cd6","https://my.trmlabs.com/address/0xad10cd6951e9d0811eba8174c17e53867c056cd6/eth","Mixer","Low"
"Mon Aug 22 2022","0xb25024c421d4f8bebe468d3dc353e07868c99901","https://my.trmlabs.com/address/0xb25024c421d4f8bebe468d3dc353e07868c99901/eth","Mixer","Low"
"Mon Aug 22 2022","0x3f3b7d0f3da05f6cd44e9d35a9517b59c83ad560","https://my.trmlabs.com/address/0x3f3b7d0f3da05f6cd44e9d35a9517b59c83ad560/eth","Mixer","Low"
"Mon Aug 22 2022","0x68b53aa18d1b8437b7cd9524040c776e2261e06d","https://my.trmlabs.com/address/0x68b53aa18d1b8437b7cd9524040c776e2261e06d/eth","Mixer, Mixer","Low, Low"
"Mon Aug 22 2022","0x3581809251098424a2ca83b7f45bfeff285896b1","https://my.trmlabs.com/address/0x3581809251098424a2ca83b7f45bfeff285896b1/eth","Mixer","Low"
"Wed Aug 24 2022","0x6a43e60d5520912d20f19eb29a011e82a6ee50ae","https://my.trmlabs.com/address/0x6a43e60d5520912d20f19eb29a011e82a6ee50ae/eth","Mixer","Low"
"Mon Aug 22 2022","0xd9f0834e7ca9b9262df3189b850ebf9514027e82","https://my.trmlabs.com/address/0xd9f0834e7ca9b9262df3189b850ebf9514027e82/eth","Mixer","Low"
"Mon Aug 22 2022","0x06223f111c0ace08f1ab557405a9374ab272b3ce","https://my.trmlabs.com/address/0x06223f111c0ace08f1ab557405a9374ab272b3ce/eth","Mixer","Low"
"Mon Aug 22 2022","0x432fcd67815d5cc72808a7815a02373fdee7d740","https://my.trmlabs.com/address/0x432fcd67815d5cc72808a7815a02373fdee7d740/eth","Mixer","Low"
"Mon Aug 22 2022","0x265546735a10168151313af3a569e597f31d7667","https://my.trmlabs.com/address/0x265546735a10168151313af3a569e597f31d7667/eth","Mixer","Low"
"Fri Aug 26 2022","0xc1352b8caebec86e828516cb4622c12a61c692dc","https://my.trmlabs.com/address/0xc1352b8caebec86e828516cb4622c12a61c692dc/eth","Mixer","Low"
"Tue Aug 23 2022","0x0dc035f2ba5d9aae02c873aa76714a98e6de1111","https://my.trmlabs.com/address/0x0dc035f2ba5d9aae02c873aa76714a98e6de1111/eth","Mixer","Low"
"Tue Aug 23 2022","0x6df8ee83068463e578ef77ce2dd8673a01f33333","https://my.trmlabs.com/address/0x6df8ee83068463e578ef77ce2dd8673a01f33333/eth","Mixer","Low"
"Tue Aug 23 2022","0xe28777719299c96fb583a73e77989cd54e044444","https://my.trmlabs.com/address/0xe28777719299c96fb583a73e77989cd54e044444/eth","Mixer","Low"
"Tue Aug 23 2022","0x371ea1e8fcb52083a2a6ee8bb44bb5540939fb82","https://my.trmlabs.com/address/0x371ea1e8fcb52083a2a6ee8bb44bb5540939fb82/eth","Mixer","Low"
"Tue Aug 23 2022","0xe04a9418cffe0f43fd42527bd3cfc05593eac052","https://my.trmlabs.com/address/0xe04a9418cffe0f43fd42527bd3cfc05593eac052/eth","Mixer","Low"
"Tue Aug 23 2022","0x8df3e0b89ceff88af367c17423e4ef2f3543a8d4","https://my.trmlabs.com/address/0x8df3e0b89ceff88af367c17423e4ef2f3543a8d4/eth","Sanctions, Mixer","Severe, Low"
"Tue Aug 23 2022","0x9962abf728faf66f07824dc99b5d569a9107b186","https://my.trmlabs.com/address/0x9962abf728faf66f07824dc99b5d569a9107b186/eth","Mixer","Low"
"Tue Aug 23 2022","0x2239ff85f256b0ad09502e6b757ad4c0a747a899","https://my.trmlabs.com/address/0x2239ff85f256b0ad09502e6b757ad4c0a747a899/eth","Mixer","Low"
"Tue Aug 23 2022","0xa3f996f2ec2b1fe240a57543bbfdb4d9d5804d04","https://my.trmlabs.com/address/0xa3f996f2ec2b1fe240a57543bbfdb4d9d5804d04/eth","Sanctions","Severe"
"Tue Aug 23 2022","0x6f3a6d9867d6213056b55ce52b55514215deb343","https://my.trmlabs.com/address/0x6f3a6d9867d6213056b55ce52b55514215deb343/eth","Mixer","Low"
"Tue Aug 23 2022","0x40f246f1cf7e20547a8ab503eb1dff59238a3dd0","https://my.trmlabs.com/address/0x40f246f1cf7e20547a8ab503eb1dff59238a3dd0/eth","Mixer","Low"
"Tue Aug 23 2022","0x4524eb19cb5a1ddec08b2bf4569f480632070fdf","https://my.trmlabs.com/address/0x4524eb19cb5a1ddec08b2bf4569f480632070fdf/eth","Mixer","Low"
"Fri Aug 26 2022","0x28f25821ede2f699476767495d7f8a9354068b4f","https://my.trmlabs.com/address/0x28f25821ede2f699476767495d7f8a9354068b4f/eth","Mixer","Low"
"Tue Aug 23 2022","0x1861ef2f60f952c7efb107f2d277f761c7387ce3","https://my.trmlabs.com/address/0x1861ef2f60f952c7efb107f2d277f761c7387ce3/eth","Mixer","Low"
"Wed Aug 24 2022","0xdffd8bbf8dcaf236c4e009ff6013bfc98407b6c0","https://my.trmlabs.com/address/0xdffd8bbf8dcaf236c4e009ff6013bfc98407b6c0/eth","Mixer","Low"
"Tue Aug 23 2022","0xad4489f64a8be791294116d3e99d2721c7f0a72a","https://my.trmlabs.com/address/0xad4489f64a8be791294116d3e99d2721c7f0a72a/eth","Mixer, Mixer","Low, Low"
"Wed Aug 24 2022","0xa4d2ff8a495146aaca5b59cfc98345e31d12fce7","https://my.trmlabs.com/address/0xa4d2ff8a495146aaca5b59cfc98345e31d12fce7/eth","Mixer","Low"
"Tue Aug 23 2022","0x291e4ebb46c04d87c2fb10582b20e9258a1a83f8","https://my.trmlabs.com/address/0x291e4ebb46c04d87c2fb10582b20e9258a1a83f8/eth","Mixer","Low"
"Wed Aug 24 2022","0xfbc2a74f06934651a30d190c02d0aeeddc30670a","https://my.trmlabs.com/address/0xfbc2a74f06934651a30d190c02d0aeeddc30670a/eth","Mixer","Low"
"Tue Aug 23 2022","0x01c13e3750e137e35dd0ea68fef94b017731c8fa","https://my.trmlabs.com/address/0x01c13e3750e137e35dd0ea68fef94b017731c8fa/eth","Mixer","Low"
"Tue Aug 23 2022","0x3ffcd578638bec551968cf708064622005af3c7a","https://my.trmlabs.com/address/0x3ffcd578638bec551968cf708064622005af3c7a/eth","Mixer","Low"
"Tue Aug 23 2022","0x518e5a942ed7db4b45e9a491ce318373346db240","https://my.trmlabs.com/address/0x518e5a942ed7db4b45e9a491ce318373346db240/eth","Mixer","Low"
"Tue Aug 23 2022","0x644628d696fd07fcd8bda2e8b9a680734cc80a93","https://my.trmlabs.com/address/0x644628d696fd07fcd8bda2e8b9a680734cc80a93/eth","Mixer, Mixer","Low, Low"
"Wed Aug 24 2022","0x01b4fae0b350af95d1bd8fb1341d9dce1a87a453","https://my.trmlabs.com/address/0x01b4fae0b350af95d1bd8fb1341d9dce1a87a453/eth","Mixer","Low"
"Fri Aug 26 2022","0x129d576f47ec14d6405b18cd5ceea09a1308c4f1","https://my.trmlabs.com/address/0x129d576f47ec14d6405b18cd5ceea09a1308c4f1/eth","Sanctions, Mixer, Mixer","Severe, Low, Low"
"Wed Aug 24 2022","0x0f4a7fb8a48b8f6a531b80559853b80ee7105ea0","https://my.trmlabs.com/address/0x0f4a7fb8a48b8f6a531b80559853b80ee7105ea0/eth","Mixer","Low"
"Wed Aug 24 2022","0x61b0738200b663329975c1d5e3e428cf2b1e9f31","https://my.trmlabs.com/address/0x61b0738200b663329975c1d5e3e428cf2b1e9f31/eth","Mixer","Low"
"Wed Aug 24 2022","0xe765c1f860d1d949af634e0cac67bbe161b8eb58","https://my.trmlabs.com/address/0xe765c1f860d1d949af634e0cac67bbe161b8eb58/eth","Mixer","Low"
"Wed Aug 24 2022","0x2f71129b240080c638ac8d993bff52169e3551c3","https://my.trmlabs.com/address/0x2f71129b240080c638ac8d993bff52169e3551c3/eth","Mixer, Mixer","Low, Low"
"Thu Aug 25 2022","0xdd84ce1adcb3a4908db61a1dfa3353c3974c5a2b","https://my.trmlabs.com/address/0xdd84ce1adcb3a4908db61a1dfa3353c3974c5a2b/eth","Mixer","Low"
"Wed Aug 24 2022","0xba8cab38a35cee7001e84ba2a4a2be1fd5125c14","https://my.trmlabs.com/address/0xba8cab38a35cee7001e84ba2a4a2be1fd5125c14/eth","Mixer","Low"
"Wed Aug 24 2022","0x7d201bf841888b21e478756c2c751454895519c9","https://my.trmlabs.com/address/0x7d201bf841888b21e478756c2c751454895519c9/eth","Mixer","Low"
"Wed Aug 24 2022","0x32a59b87352e980dd6ab1baf462696d28e63525d","https://my.trmlabs.com/address/0x32a59b87352e980dd6ab1baf462696d28e63525d/eth","Sanctions, Mixer, Mixer","Severe, Low, Low"
"Wed Aug 24 2022","0xc47d40332962ba16d10dfdf304dffd7396a87e7a","https://my.trmlabs.com/address/0xc47d40332962ba16d10dfdf304dffd7396a87e7a/eth","Mixer","Low"
"Wed Aug 24 2022","0x8d05c2e68787f048c498c0516a96baf4de83196f","https://my.trmlabs.com/address/0x8d05c2e68787f048c498c0516a96baf4de83196f/eth","Mixer","Low"
"Wed Aug 24 2022","0x313ef7fcd8f965e1b05a4e6b5f830f1373921df6","https://my.trmlabs.com/address/0x313ef7fcd8f965e1b05a4e6b5f830f1373921df6/eth","Mixer","Low"
"Wed Aug 24 2022","0x5e349eca2dc61abcd9dd99ce94d04136151a09ee","https://my.trmlabs.com/address/0x5e349eca2dc61abcd9dd99ce94d04136151a09ee/eth","Mixer, Mixer","Low, Low"
"Wed Aug 24 2022","0x986a4c1cf4384599cd857924191cf308930a1ade","https://my.trmlabs.com/address/0x986a4c1cf4384599cd857924191cf308930a1ade/eth","Mixer","Low"
"Wed Aug 24 2022","0x545baa3446c668d33f42de1d15548c2cc0388c1b","https://my.trmlabs.com/address/0x545baa3446c668d33f42de1d15548c2cc0388c1b/eth","Mixer","Low"
"Thu Aug 25 2022","0x2592998309c9a89d9eaaf7cf7cfa94db8ba87703","https://my.trmlabs.com/address/0x2592998309c9a89d9eaaf7cf7cfa94db8ba87703/eth","Mixer","Low"
"Wed Aug 24 2022","0xc018b6613af25ec994cd9d6d626f4d42038b89b6","https://my.trmlabs.com/address/0xc018b6613af25ec994cd9d6d626f4d42038b89b6/eth","Mixer","Low"
"Thu Aug 25 2022","0xacc71812152e82906f60b5a76d8f6d086b2ea81e","https://my.trmlabs.com/address/0xacc71812152e82906f60b5a76d8f6d086b2ea81e/eth","Mixer","Low"
"Thu Aug 25 2022","0xd0b10449753930dd130e9275c03cfe4de1cfc7f6","https://my.trmlabs.com/address/0xd0b10449753930dd130e9275c03cfe4de1cfc7f6/eth","Mixer","Low"
"Thu Aug 25 2022","0xafab1adfb25e919d9f6ee7196f1ad0ffa93cad12","https://my.trmlabs.com/address/0xafab1adfb25e919d9f6ee7196f1ad0ffa93cad12/eth","Mixer","Low"
"Fri Aug 26 2022","0x7613407e4be60a5db9df2b20c2c86bf312709f11","https://my.trmlabs.com/address/0x7613407e4be60a5db9df2b20c2c86bf312709f11/eth","Mixer","Low"
"Thu Aug 25 2022","0x7b0b35b416631f05f321fe74990817dca81cabde","https://my.trmlabs.com/address/0x7b0b35b416631f05f321fe74990817dca81cabde/eth","Mixer","Low"
"Thu Aug 25 2022","0xdc68ff3e2ccf723eba0a33959de70406a176be95","https://my.trmlabs.com/address/0xdc68ff3e2ccf723eba0a33959de70406a176be95/eth","Mixer","Low"
"Thu Aug 25 2022","0xa38cdb63c943e9481c9b87db5c80f5ac333d16ed","https://my.trmlabs.com/address/0xa38cdb63c943e9481c9b87db5c80f5ac333d16ed/eth","Mixer, Mixer","Low, Low"
"Fri Aug 26 2022","0x43436c54d4d1b5c3bef23b58176b922bcb73fb9a","https://my.trmlabs.com/address/0x43436c54d4d1b5c3bef23b58176b922bcb73fb9a/eth","Mixer","Low"
"Thu Aug 25 2022","0x422494292e7a9dda8778bb4ea05c2779a3d60f5d","https://my.trmlabs.com/address/0x422494292e7a9dda8778bb4ea05c2779a3d60f5d/eth","Mixer","Low"
"Thu Aug 25 2022","0xedd30fcc3b4053513ae39e463efb1bfbde773ffe","https://my.trmlabs.com/address/0xedd30fcc3b4053513ae39e463efb1bfbde773ffe/eth","Mixer","Low"
"Thu Aug 25 2022","0xfce3a97b5f1d3403f481903da3679039f522089c","https://my.trmlabs.com/address/0xfce3a97b5f1d3403f481903da3679039f522089c/eth","Mixer, Mixer","Low, Low"
"Thu Aug 25 2022","0xb3968bb594166a597ae4285220c6ae0ebba6a1b2","https://my.trmlabs.com/address/0xb3968bb594166a597ae4285220c6ae0ebba6a1b2/eth","Mixer","Low"
"Thu Aug 25 2022","0xb24da26d48eac21817f1002dca389527323f38c5","https://my.trmlabs.com/address/0xb24da26d48eac21817f1002dca389527323f38c5/eth","Mixer, Mixer","Low, Low"
"Thu Aug 25 2022","0xb00d51d3992bc412f783d0e21edcf952ce651d91","https://my.trmlabs.com/address/0xb00d51d3992bc412f783d0e21edcf952ce651d91/eth","Mixer","Low"
"Thu Aug 25 2022","0x149f119543239d0b102bc60e80d0965232229234","https://my.trmlabs.com/address/0x149f119543239d0b102bc60e80d0965232229234/eth","Mixer","Low"
"Thu Aug 25 2022","0xe4964489bc59d1015f261ec264c555de107fcee0","https://my.trmlabs.com/address/0xe4964489bc59d1015f261ec264c555de107fcee0/eth","Mixer","Low"
"Thu Aug 25 2022","0xfee895f7ba3b9e6d838d53be7bc3df4a1cbd0421","https://my.trmlabs.com/address/0xfee895f7ba3b9e6d838d53be7bc3df4a1cbd0421/eth","Mixer","Low"
"Thu Aug 25 2022","0x5199545b942759de1de11835a4e42892da2584bc","https://my.trmlabs.com/address/0x5199545b942759de1de11835a4e42892da2584bc/eth","Mixer","Low"
"Thu Aug 25 2022","0xaa5ff7fb05fec2b51016c583c90000ee1cf3f698","https://my.trmlabs.com/address/0xaa5ff7fb05fec2b51016c583c90000ee1cf3f698/eth","Mixer","Low"
"Thu Aug 25 2022","0x3c7d43de93eb6598172f20feb8ecfe8dec70fe41","https://my.trmlabs.com/address/0x3c7d43de93eb6598172f20feb8ecfe8dec70fe41/eth","Mixer","Low"
"Thu Aug 25 2022","0x63a0e4cb6c4c3f372bd21352a68b3fcd9790d4b8","https://my.trmlabs.com/address/0x63a0e4cb6c4c3f372bd21352a68b3fcd9790d4b8/eth","Mixer","Low"
"Fri Aug 26 2022","0xaa1ad4784c1f3099447d85e97aa551614bcf601c","https://my.trmlabs.com/address/0xaa1ad4784c1f3099447d85e97aa551614bcf601c/eth","Mixer","Low"
"Fri Aug 26 2022","0xd2440eb0c532a927292a3796c532bad01c973ab0","https://my.trmlabs.com/address/0xd2440eb0c532a927292a3796c532bad01c973ab0/eth","Mixer","Low"
"Thu Aug 25 2022","0xbe51437cab7360182ac04f64189ce28f6d69f355","https://my.trmlabs.com/address/0xbe51437cab7360182ac04f64189ce28f6d69f355/eth","Mixer","Low"
"Thu Aug 25 2022","0xdedda94e960ade948bb12df0f4f0ee860a1b0970","https://my.trmlabs.com/address/0xdedda94e960ade948bb12df0f4f0ee860a1b0970/eth","Mixer","Low"
"Fri Aug 26 2022","0x2ba9dc6c47db18a1664f51350cba111225a900e0","https://my.trmlabs.com/address/0x2ba9dc6c47db18a1664f51350cba111225a900e0/eth","Mixer","Low"
"Fri Aug 26 2022","0x79f246f3482b618efd6e07c5f98ddc652633c2fd","https://my.trmlabs.com/address/0x79f246f3482b618efd6e07c5f98ddc652633c2fd/eth","Mixer, Mixer","Low, Low"
"Fri Aug 26 2022","0xddbc1841be23b2ab55501deb4d6bc39e3f8aa2d7","https://my.trmlabs.com/address/0xddbc1841be23b2ab55501deb4d6bc39e3f8aa2d7/eth","Mixer","Low"
"Fri Aug 26 2022","0xe17c84eb555516079daa7b990f141451144e75dc","https://my.trmlabs.com/address/0xe17c84eb555516079daa7b990f141451144e75dc/eth","Mixer","Low"
"Fri Aug 26 2022","0x31d7c41a77f5c1db02c0b31c7daa10089f1d4294","https://my.trmlabs.com/address/0x31d7c41a77f5c1db02c0b31c7daa10089f1d4294/eth","Mixer","Low"
"Fri Aug 26 2022","0xbcac361dab6a11f17894b31732cfc88c47993c41","https://my.trmlabs.com/address/0xbcac361dab6a11f17894b31732cfc88c47993c41/eth","Mixer","Low"
"Fri Aug 26 2022","0x3bb21112c118b7a83f0f1adde77d451f70b78dbe","https://my.trmlabs.com/address/0x3bb21112c118b7a83f0f1adde77d451f70b78dbe/eth","Mixer","Low"
"Fri Aug 26 2022","0xc63cb9aa27674189a92eb37b144bcae0d13647de","https://my.trmlabs.com/address/0xc63cb9aa27674189a92eb37b144bcae0d13647de/eth","Mixer","Low"
"Fri Aug 26 2022","0x261e24907f66fea18594bdd144ad81908fec005a","https://my.trmlabs.com/address/0x261e24907f66fea18594bdd144ad81908fec005a/eth","Mixer","Low"
"Fri Aug 26 2022","0x302a6e2774a4dc6f2c7ecfbea9168abb7ccede06","https://my.trmlabs.com/address/0x302a6e2774a4dc6f2c7ecfbea9168abb7ccede06/eth","Mixer","Low"
"Fri Aug 26 2022","0x6a1cf24c645db2e37141fa12e70cb67e56b336f3","https://my.trmlabs.com/address/0x6a1cf24c645db2e37141fa12e70cb67e56b336f3/eth","Mixer, Mixer","Low, Low"